52a47a2b-4e6b-4b65-a560-7d69fab06513,gcl,2017-09-01 00:00:01+0000,zuora,fullgcl,52a47a2b-4e6b-4b65-a560-7d69fab06513,2099-09-30 00:00:01+0000
721bf0e9-51d2-47bc-bd79-d45e75760ffd,gcl,2017-09-01 00:00:01+0000,zuora,fullgcl,721bf0e9-51d2-47bc-bd79-d45e75760ffd,2099-09-30 00:00:01+0000
e592bd45-1596-4cd7-8f89-874977d1e00c,gcl,2017-09-01 00:00:01+0000,zuora,fullgcl,e592bd45-1596-4cd7-8f89-874977d1e00c,2099-09-30 00:00:01+0000
031539d7-a488-4dd7-856c-f4ecfd852040,gcl,2017-09-01 00:00:01+0000,zuora,fullgcl,031539d7-a488-4dd7-856c-f4ecfd852040,2099-09-30 00:00:01+0000
7797c1e4-aad8-4ef1-9ec0-b79dc838952c,gcl,2017-09-01 00:00:01+0000,zuora,fullgcl,7797c1e4-aad8-4ef1-9ec0-b79dc838952c,2099-09-30 00:00:01+0000
309807c8-b22f-4309-8fc7-929f697d9c74,gcl,2017-09-01 00:00:01+0000,zuora,fullgcl,309807c8-b22f-4309-8fc7-929f697d9c74,2099-09-30 00:00:01+0000
e43513f6-58c6-4962-9389-18a85dc8171c,gcl,2017-09-01 00:00:01+0000,zuora,fullgcl,e43513f6-58c6-4962-9389-18a85dc8171c,2099-09-30 00:00:01+0000
44093a90-05d8-49ba-8d4b-689f779f8669,gcl,2017-09-01 00:00:01+0000,zuora,fullgcl,44093a90-05d8-49ba-8d4b-689f779f8669,2099-09-30 00:00:01+0000
71afd9dc-fd8a-4ada-a94b-877ef2c037ac,gcl,2017-09-01 00:00:01+0000,zuora,fullgcl,71afd9dc-fd8a-4ada-a94b-877ef2c037ac,2099-09-30 00:00:01+0000
d73b9377-d62a-47ee-af68-d6dfa7b29857,gcl,2017-09-01 00:00:01+0000,zuora,fullgcl,d73b9377-d62a-47ee-af68-d6dfa7b29857,2099-09-30 00:00:01+0000
ea193dcd-d12d-48db-ae13-2b9eb831be83,gcl,2017-09-01 00:00:01+0000,zuora,fullgcl,ea193dcd-d12d-48db-ae13-2b9eb831be83,2099-09-30 00:00:01+0000
b679069c-e750-4f2c-9a0a-80ecab689b59,gcl,2017-09-01 00:00:01+0000,zuora,fullgcl,b679069c-e750-4f2c-9a0a-80ecab689b59,2099-09-30 00:00:01+0000
591521c3-ad4a-4683-a253-41e0fe58a1ed,gcl,2017-09-01 00:00:01+0000,zuora,fullgcl,591521c3-ad4a-4683-a253-41e0fe58a1ed,2099-09-30 00:00:01+0000
e7457618-ade1-41d1-aea8-5cb153fca62c,gcl,2017-09-01 00:00:01+0000,zuora,fullgcl,e7457618-ade1-41d1-aea8-5cb153fca62c,2099-09-30 00:00:01+0000
3557fa01-b7a9-46f2-ae0c-4e021e770258,gcl,2017-09-01 00:00:01+0000,zuora,fullgcl,3557fa01-b7a9-46f2-ae0c-4e021e770258,2099-09-30 00:00:01+0000
e17d5375-956f-48ef-9f48-00799cd07e0e,gcl,2017-09-01 00:00:01+0000,zuora,fullgcl,e17d5375-956f-48ef-9f48-00799cd07e0e,2099-09-30 00:00:01+0000
c4fd81b7-3b91-45e9-807c-a61ad20bb068,gcl,2017-09-01 00:00:01+0000,zuora,fullgcl,c4fd81b7-3b91-45e9-807c-a61ad20bb068,2099-09-30 00:00:01+0000
356f66a8-491e-4764-978f-3621048357aa,gcl,2017-09-01 00:00:01+0000,zuora,fullgcl,356f66a8-491e-4764-978f-3621048357aa,2099-09-30 00:00:01+0000
ab3c5c9b-2ac4-464f-9edc-6b07bb8e3fa7,gcl,2017-09-01 00:00:01+0000,zuora,fullgcl,ab3c5c9b-2ac4-464f-9edc-6b07bb8e3fa7,2099-09-30 00:00:01+0000
aacde68e-af40-4b32-883a-adbc7423c843,gcl,2017-09-01 00:00:01+0000,zuora,fullgcl,aacde68e-af40-4b32-883a-adbc7423c843,2099-09-30 00:00:01+0000
2cc2bdf4-0e4d-43ee-a95b-148f33265b73,gcl,2017-09-01 00:00:01+0000,zuora,fullgcl,2cc2bdf4-0e4d-43ee-a95b-148f33265b73,2099-09-30 00:00:01+0000
fa26aa64-da79-439c-81e5-de2813b7ebb5,gcl,2017-09-01 00:00:01+0000,zuora,fullgcl,fa26aa64-da79-439c-81e5-de2813b7ebb5,2099-09-30 00:00:01+0000
e16d4f0d-1bb3-425c-a2c2-d8b65d1f990c,gcl,2017-09-01 00:00:01+0000,zuora,fullgcl,e16d4f0d-1bb3-425c-a2c2-d8b65d1f990c,2099-09-30 00:00:01+0000
9a3e8280-66f4-4dbc-b01f-1f10c22a304d,gcl,2017-09-01 00:00:01+0000,zuora,fullgcl,9a3e8280-66f4-4dbc-b01f-1f10c22a304d,2099-09-30 00:00:01+0000
14f3c964-11c6-41b8-9c9c-4825cdc7fa6a,gcl,2017-09-01 00:00:01+0000,zuora,fullgcl,14f3c964-11c6-41b8-9c9c-4825cdc7fa6a,2099-09-30 00:00:01+0000
6614de93-fa65-44bd-b528-06936b5ef81e,gcl,2017-09-01 00:00:01+0000,zuora,fullgcl,6614de93-fa65-44bd-b528-06936b5ef81e,2099-09-30 00:00:01+0000
7b6ebaa4-9937-4385-a326-defb51f50802,gcl,2017-09-01 00:00:01+0000,zuora,fullgcl,7b6ebaa4-9937-4385-a326-defb51f50802,2099-09-30 00:00:01+0000
27925f28-be7b-47b3-902f-ab4b5a9b3fbf,gcl,2017-09-01 00:00:01+0000,zuora,fullgcl,27925f28-be7b-47b3-902f-ab4b5a9b3fbf,2099-09-30 00:00:01+0000
8033d1f3-d397-4069-ae48-49956a209f6a,gcl,2017-09-01 00:00:01+0000,zuora,fullgcl,8033d1f3-d397-4069-ae48-49956a209f6a,2099-09-30 00:00:01+0000
1.11111E+12,gcl,2017-09-01 00:00:01+0000,zuora,fullgcl,1.11111E+12,2099-09-30 00:00:01+0000
e95b69c6-b7bf-4fde-b0b8-f46d6196b2fe,gcl,2017-09-01 00:00:01+0000,zuora,fullgcl,e95b69c6-b7bf-4fde-b0b8-f46d6196b2fe,2099-09-30 00:00:01+0000
1.11111E+11,gcl,2017-09-01 00:00:01+0000,zuora,fullgcl,1.11111E+11,2099-09-30 00:00:01+0000
1.11111E+11,gcl,2017-09-01 00:00:01+0000,zuora,fullgcl,1.11111E+11,2099-09-30 00:00:01+0000
1.11111E+11,gcl,2017-09-01 00:00:01+0000,zuora,fullgcl,1.11111E+11,2099-09-30 00:00:01+0000
e79d7189-15d9-4cb0-b2dd-ba5444a471f4,gcl,2017-09-01 00:00:01+0000,zuora,fullgcl,e79d7189-15d9-4cb0-b2dd-ba5444a471f4,2099-09-30 00:00:01+0000
883cb7b6-6714-4bef-8809-1b27e95a817f,gcl,2017-09-01 00:00:01+0000,zuora,fullgcl,883cb7b6-6714-4bef-8809-1b27e95a817f,2099-09-30 00:00:01+0000
1.11111E+11,gcl,2017-09-01 00:00:01+0000,zuora,fullgcl,1.11111E+11,2099-09-30 00:00:01+0000
1.11111E+11,gcl,2017-09-01 00:00:01+0000,zuora,fullgcl,1.11111E+11,2099-09-30 00:00:01+0000
8d574bfe-e97b-4d7a-9f82-ae6d57abd414,gcl,2017-09-01 00:00:01+0000,zuora,fullgcl,8d574bfe-e97b-4d7a-9f82-ae6d57abd414,2099-09-30 00:00:01+0000
b2ee9457-3592-4675-b2e8-df84ec45bdfa,gcl,2017-09-01 00:00:01+0000,zuora,fullgcl,b2ee9457-3592-4675-b2e8-df84ec45bdfa,2099-09-30 00:00:01+0000
418a2fb6-89f4-4fbd-b47d-fa1992fd9ea5,gcl,2017-09-01 00:00:01+0000,zuora,fullgcl,418a2fb6-89f4-4fbd-b47d-fa1992fd9ea5,2099-09-30 00:00:01+0000
1f1c9e13-4ba5-4517-ad85-9fccf4052406,gcl,2017-09-01 00:00:01+0000,zuora,fullgcl,1f1c9e13-4ba5-4517-ad85-9fccf4052406,2099-09-30 00:00:01+0000
87bf7b51-35a8-40ee-983d-d45b82fa7e65,gcl,2017-09-01 00:00:01+0000,zuora,fullgcl,87bf7b51-35a8-40ee-983d-d45b82fa7e65,2099-09-30 00:00:01+0000
aab7130b-0aad-4f12-a26f-b91c03056422,gcl,2017-09-01 00:00:01+0000,zuora,fullgcl,aab7130b-0aad-4f12-a26f-b91c03056422,2099-09-30 00:00:01+0000
26697d7f-4a0d-42bc-adac-66b844f8463c,gcl,2017-09-01 00:00:01+0000,zuora,fullgcl,26697d7f-4a0d-42bc-adac-66b844f8463c,2099-09-30 00:00:01+0000
219825f5-09ff-4e3e-a65a-86c95dcf7f0e,gcl,2017-09-01 00:00:01+0000,zuora,fullgcl,219825f5-09ff-4e3e-a65a-86c95dcf7f0e,2099-09-30 00:00:01+0000
bb2ce978-d52d-499c-878e-6c3e258160e7,gcl,2017-09-01 00:00:01+0000,zuora,fullgcl,bb2ce978-d52d-499c-878e-6c3e258160e7,2099-09-30 00:00:01+0000
daab78b0-2eb7-4f40-a788-d0073f342b50,gcl,2017-09-01 00:00:01+0000,zuora,fullgcl,daab78b0-2eb7-4f40-a788-d0073f342b50,2017-09-30 00:00:01+0000
daab78b0-2eb7-4f40-a788-d0073f342b50,gcl,2017-09-01 00:00:01+0000,zuora,wch,daab78b0-2eb7-4f40-a788-d0073f342b50,2017-09-30 00:00:01+0000
d8ffc504-a778-4b35-b14b-0bcae518f8de,gcl,2017-09-01 00:00:01+0000,zuora,fullgcl,d8ffc504-a778-4b35-b14b-0bcae518f8de,2017-09-30 00:00:01+0000
d8ffc504-a778-4b35-b14b-0bcae518f8de,gcl,2017-09-01 00:00:01+0000,zuora,wch,d8ffc504-a778-4b35-b14b-0bcae518f8de,2017-09-30 00:00:01+0000
7015873c-2748-48a2-93b2-1b9414c695e5,gcl,2017-09-01 00:00:01+0000,zuora,fullgcl,7015873c-2748-48a2-93b2-1b9414c695e5,2017-09-30 00:00:01+0000
7015873c-2748-48a2-93b2-1b9414c695e5,gcl,2017-09-01 00:00:01+0000,zuora,wch,7015873c-2748-48a2-93b2-1b9414c695e5,2017-09-30 00:00:01+0000
cf264f12-7977-4ed6-a040-9a39488a1606,gcl,2017-09-01 00:00:01+0000,zuora,fullgcl,cf264f12-7977-4ed6-a040-9a39488a1606,2017-09-30 00:00:01+0000
cf264f12-7977-4ed6-a040-9a39488a1606,gcl,2017-09-01 00:00:01+0000,zuora,wch,cf264f12-7977-4ed6-a040-9a39488a1606,2017-09-30 00:00:01+0000
5ffb1cd3-507e-4a35-a8e9-d781da6b81c3,gcl,2017-09-01 00:00:01+0000,zuora,fullgcl,5ffb1cd3-507e-4a35-a8e9-d781da6b81c3,2017-09-30 00:00:01+0000
5ffb1cd3-507e-4a35-a8e9-d781da6b81c3,gcl,2017-09-01 00:00:01+0000,zuora,wch,5ffb1cd3-507e-4a35-a8e9-d781da6b81c3,2017-09-30 00:00:01+0000
b1278982-98d5-42d5-8d6d-4f3cafad6788,gcl,2017-09-01 00:00:01+0000,zuora,fullgcl,b1278982-98d5-42d5-8d6d-4f3cafad6788,2017-09-30 00:00:01+0000
b1278982-98d5-42d5-8d6d-4f3cafad6788,gcl,2017-09-01 00:00:01+0000,zuora,wch,b1278982-98d5-42d5-8d6d-4f3cafad6788,2017-09-30 00:00:01+0000
f2b5a7ae-be92-4e60-8992-1bb4c2648446,gcl,2017-09-01 00:00:01+0000,zuora,fullgcl,f2b5a7ae-be92-4e60-8992-1bb4c2648446,2017-09-30 00:00:01+0000
f2b5a7ae-be92-4e60-8992-1bb4c2648446,gcl,2017-09-01 00:00:01+0000,zuora,wch,f2b5a7ae-be92-4e60-8992-1bb4c2648446,2017-09-30 00:00:01+0000
81abb98c-1303-46ea-a3f7-dbc7eac70871,gcl,2017-09-01 00:00:01+0000,zuora,fullgcl,81abb98c-1303-46ea-a3f7-dbc7eac70871,2017-09-30 00:00:01+0000
81abb98c-1303-46ea-a3f7-dbc7eac70871,gcl,2017-09-01 00:00:01+0000,zuora,wch,81abb98c-1303-46ea-a3f7-dbc7eac70871,2017-09-30 00:00:01+0000
9a7c0a81-7c3c-4847-b531-51b7c976ae67,gcl,2017-09-01 00:00:01+0000,zuora,fullgcl,9a7c0a81-7c3c-4847-b531-51b7c976ae67,2017-09-30 00:00:01+0000
9a7c0a81-7c3c-4847-b531-51b7c976ae67,gcl,2017-09-01 00:00:01+0000,zuora,wch,9a7c0a81-7c3c-4847-b531-51b7c976ae67,2017-09-30 00:00:01+0000
9da74f8f-fc37-4cce-bb2c-68d86d16e6d1,gcl,2017-09-01 00:00:01+0000,zuora,fullgcl,9da74f8f-fc37-4cce-bb2c-68d86d16e6d1,2017-09-30 00:00:01+0000
9da74f8f-fc37-4cce-bb2c-68d86d16e6d1,gcl,2017-09-01 00:00:01+0000,zuora,wch,9da74f8f-fc37-4cce-bb2c-68d86d16e6d1,2017-09-30 00:00:01+0000
7ee115f5-a24f-40aa-b4e2-7ba337994f38,gcl,2017-09-01 00:00:01+0000,zuora,fullgcl,7ee115f5-a24f-40aa-b4e2-7ba337994f38,2017-09-30 00:00:01+0000
7ee115f5-a24f-40aa-b4e2-7ba337994f38,gcl,2017-09-01 00:00:01+0000,zuora,wch,7ee115f5-a24f-40aa-b4e2-7ba337994f38,2017-09-30 00:00:01+0000
39161966-0036-40f7-adc5-feb98d10c4fe,gcl,2017-09-01 00:00:01+0000,zuora,fullgcl,39161966-0036-40f7-adc5-feb98d10c4fe,2017-09-30 00:00:01+0000
39161966-0036-40f7-adc5-feb98d10c4fe,gcl,2017-09-01 00:00:01+0000,zuora,wch,39161966-0036-40f7-adc5-feb98d10c4fe,2017-09-30 00:00:01+0000
7d2b8c4c-4525-4657-aec2-867956023e65,gcl,2017-09-01 00:00:01+0000,zuora,fullgcl,7d2b8c4c-4525-4657-aec2-867956023e65,2017-09-30 00:00:01+0000
7d2b8c4c-4525-4657-aec2-867956023e65,gcl,2017-09-01 00:00:01+0000,zuora,wch,7d2b8c4c-4525-4657-aec2-867956023e65,2017-09-30 00:00:01+0000
9c679da5-3f2a-4c4d-acd6-8cdbdecc35e4,gcl,2017-09-01 00:00:01+0000,zuora,fullgcl,9c679da5-3f2a-4c4d-acd6-8cdbdecc35e4,2017-09-30 00:00:01+0000
9c679da5-3f2a-4c4d-acd6-8cdbdecc35e4,gcl,2017-09-01 00:00:01+0000,zuora,wch,9c679da5-3f2a-4c4d-acd6-8cdbdecc35e4,2017-09-30 00:00:01+0000
bd220cce-5765-4dec-8f76-f6f1539b7cf4,gcl,2017-09-01 00:00:01+0000,zuora,fullgcl,bd220cce-5765-4dec-8f76-f6f1539b7cf4,2017-09-30 00:00:01+0000
bd220cce-5765-4dec-8f76-f6f1539b7cf4,gcl,2017-09-01 00:00:01+0000,zuora,wch,bd220cce-5765-4dec-8f76-f6f1539b7cf4,2017-09-30 00:00:01+0000
ebed5edd-fd20-4539-a111-0e17ce852ade,gcl,2017-09-01 00:00:01+0000,zuora,fullgcl,ebed5edd-fd20-4539-a111-0e17ce852ade,2017-09-30 00:00:01+0000
ebed5edd-fd20-4539-a111-0e17ce852ade,gcl,2017-09-01 00:00:01+0000,zuora,wch,ebed5edd-fd20-4539-a111-0e17ce852ade,2017-09-30 00:00:01+0000
e131d108-cd6d-44af-ad2a-ef78501d2217,gcl,2017-09-01 00:00:01+0000,zuora,fullgcl,e131d108-cd6d-44af-ad2a-ef78501d2217,2017-09-30 00:00:01+0000
e131d108-cd6d-44af-ad2a-ef78501d2217,gcl,2017-09-01 00:00:01+0000,zuora,wch,e131d108-cd6d-44af-ad2a-ef78501d2217,2017-09-30 00:00:01+0000
311272d4-2a5c-4931-966b-27917e0c2bc6,gcl,2017-09-01 00:00:01+0000,zuora,fullgcl,311272d4-2a5c-4931-966b-27917e0c2bc6,2017-09-30 00:00:01+0000
311272d4-2a5c-4931-966b-27917e0c2bc6,gcl,2017-09-01 00:00:01+0000,zuora,wch,311272d4-2a5c-4931-966b-27917e0c2bc6,2017-09-30 00:00:01+0000
552c972f-5f56-4838-9420-d033c3cbba0f,gcl,2017-09-01 00:00:01+0000,zuora,fullgcl,552c972f-5f56-4838-9420-d033c3cbba0f,2017-09-30 00:00:01+0000
552c972f-5f56-4838-9420-d033c3cbba0f,gcl,2017-09-01 00:00:01+0000,zuora,wch,552c972f-5f56-4838-9420-d033c3cbba0f,2017-09-30 00:00:01+0000
2295db3e-fa67-41bb-8651-d270f15e0454,gcl,2017-09-01 00:00:01+0000,zuora,fullgcl,2295db3e-fa67-41bb-8651-d270f15e0454,2017-09-30 00:00:01+0000
2295db3e-fa67-41bb-8651-d270f15e0454,gcl,2017-09-01 00:00:01+0000,zuora,wch,2295db3e-fa67-41bb-8651-d270f15e0454,2017-09-30 00:00:01+0000
29bd08d3-13ff-4831-9293-84f3b1b7bb9d,gcl,2017-09-01 00:00:01+0000,zuora,fullgcl,29bd08d3-13ff-4831-9293-84f3b1b7bb9d,2017-09-30 00:00:01+0000
29bd08d3-13ff-4831-9293-84f3b1b7bb9d,gcl,2017-09-01 00:00:01+0000,zuora,wch,29bd08d3-13ff-4831-9293-84f3b1b7bb9d,2017-09-30 00:00:01+0000
cf779abe-0f37-43ce-a8af-b7f996ee4efd,gcl,2017-09-01 00:00:01+0000,zuora,fullgcl,cf779abe-0f37-43ce-a8af-b7f996ee4efd,2017-09-30 00:00:01+0000
cf779abe-0f37-43ce-a8af-b7f996ee4efd,gcl,2017-09-01 00:00:01+0000,zuora,wch,cf779abe-0f37-43ce-a8af-b7f996ee4efd,2017-09-30 00:00:01+0000
922dc94b-dab3-4160-82ad-293d89f81fba,gcl,2017-09-01 00:00:01+0000,zuora,fullgcl,922dc94b-dab3-4160-82ad-293d89f81fba,2017-09-30 00:00:01+0000
922dc94b-dab3-4160-82ad-293d89f81fba,gcl,2017-09-01 00:00:01+0000,zuora,wch,922dc94b-dab3-4160-82ad-293d89f81fba,2017-09-30 00:00:01+0000
f73ffc6c-22e0-4884-8335-89d491c8765f,gcl,2017-09-01 00:00:01+0000,zuora,fullgcl,f73ffc6c-22e0-4884-8335-89d491c8765f,2017-09-30 00:00:01+0000
f73ffc6c-22e0-4884-8335-89d491c8765f,gcl,2017-09-01 00:00:01+0000,zuora,wch,f73ffc6c-22e0-4884-8335-89d491c8765f,2017-09-30 00:00:01+0000
96124dfa-b916-4eef-8e47-03c00bd08a04,gcl,2017-09-01 00:00:01+0000,zuora,fullgcl,96124dfa-b916-4eef-8e47-03c00bd08a04,2017-09-30 00:00:01+0000
96124dfa-b916-4eef-8e47-03c00bd08a04,gcl,2017-09-01 00:00:01+0000,zuora,wch,96124dfa-b916-4eef-8e47-03c00bd08a04,2017-09-30 00:00:01+0000
2ac6d0be-adae-4493-9b67-11b9eda8c783,gcl,2017-09-01 00:00:01+0000,zuora,fullgcl,2ac6d0be-adae-4493-9b67-11b9eda8c783,2017-09-30 00:00:01+0000
2ac6d0be-adae-4493-9b67-11b9eda8c783,gcl,2017-09-01 00:00:01+0000,zuora,wch,2ac6d0be-adae-4493-9b67-11b9eda8c783,2017-09-30 00:00:01+0000
78365627-9d14-48d6-b3f5-ebdf66b66474,gcl,2017-09-01 00:00:01+0000,zuora,fullgcl,78365627-9d14-48d6-b3f5-ebdf66b66474,2017-09-30 00:00:01+0000
78365627-9d14-48d6-b3f5-ebdf66b66474,gcl,2017-09-01 00:00:01+0000,zuora,wch,78365627-9d14-48d6-b3f5-ebdf66b66474,2017-09-30 00:00:01+0000
3908b189-d8b1-4826-843e-281a759bcd4d,gcl,2017-09-01 00:00:01+0000,zuora,fullgcl,3908b189-d8b1-4826-843e-281a759bcd4d,2017-09-30 00:00:01+0000
3908b189-d8b1-4826-843e-281a759bcd4d,gcl,2017-09-01 00:00:01+0000,zuora,wch,3908b189-d8b1-4826-843e-281a759bcd4d,2017-09-30 00:00:01+0000
207aea92-f109-4ad5-8fd5-8d4f2106543a,gcl,2017-09-01 00:00:01+0000,zuora,fullgcl,207aea92-f109-4ad5-8fd5-8d4f2106543a,2017-09-30 00:00:01+0000
207aea92-f109-4ad5-8fd5-8d4f2106543a,gcl,2017-09-01 00:00:01+0000,zuora,wch,207aea92-f109-4ad5-8fd5-8d4f2106543a,2017-09-30 00:00:01+0000
e7f321eb-9cfa-4462-9379-19e0d0c53a8c,gcl,2017-09-01 00:00:01+0000,zuora,fullgcl,e7f321eb-9cfa-4462-9379-19e0d0c53a8c,2017-09-30 00:00:01+0000
e7f321eb-9cfa-4462-9379-19e0d0c53a8c,gcl,2017-09-01 00:00:01+0000,zuora,wch,e7f321eb-9cfa-4462-9379-19e0d0c53a8c,2017-09-30 00:00:01+0000
f72de6ac-4d4f-4202-a1b2-dc511390ac5b,gcl,2017-09-01 00:00:01+0000,zuora,fullgcl,f72de6ac-4d4f-4202-a1b2-dc511390ac5b,2017-09-30 00:00:01+0000
f72de6ac-4d4f-4202-a1b2-dc511390ac5b,gcl,2017-09-01 00:00:01+0000,zuora,wch,f72de6ac-4d4f-4202-a1b2-dc511390ac5b,2017-09-30 00:00:01+0000
a847481d-517e-4ab7-ad4c-7d9eba61513e,gcl,2017-09-01 00:00:01+0000,zuora,fullgcl,a847481d-517e-4ab7-ad4c-7d9eba61513e,2017-09-30 00:00:01+0000
a847481d-517e-4ab7-ad4c-7d9eba61513e,gcl,2017-09-01 00:00:01+0000,zuora,wch,a847481d-517e-4ab7-ad4c-7d9eba61513e,2017-09-30 00:00:01+0000
5242a805-03e9-4df1-bf55-302b28124baa,gcl,2017-09-01 00:00:01+0000,zuora,fullgcl,5242a805-03e9-4df1-bf55-302b28124baa,2017-09-30 00:00:01+0000
5242a805-03e9-4df1-bf55-302b28124baa,gcl,2017-09-01 00:00:01+0000,zuora,wch,5242a805-03e9-4df1-bf55-302b28124baa,2017-09-30 00:00:01+0000
29f149e1-0642-446c-b0b3-75dcdcae8990,gcl,2017-09-01 00:00:01+0000,zuora,fullgcl,29f149e1-0642-446c-b0b3-75dcdcae8990,2017-09-30 00:00:01+0000
29f149e1-0642-446c-b0b3-75dcdcae8990,gcl,2017-09-01 00:00:01+0000,zuora,wch,29f149e1-0642-446c-b0b3-75dcdcae8990,2017-09-30 00:00:01+0000
c9359e22-079c-42df-8696-fecfef9839f8,gcl,2017-09-01 00:00:01+0000,zuora,fullgcl,c9359e22-079c-42df-8696-fecfef9839f8,2017-09-30 00:00:01+0000
c9359e22-079c-42df-8696-fecfef9839f8,gcl,2017-09-01 00:00:01+0000,zuora,wch,c9359e22-079c-42df-8696-fecfef9839f8,2017-09-30 00:00:01+0000
7845145c-f2dc-4a3a-b200-dc91140b07c7,gcl,2017-09-01 00:00:01+0000,zuora,fullgcl,7845145c-f2dc-4a3a-b200-dc91140b07c7,2017-09-30 00:00:01+0000
7845145c-f2dc-4a3a-b200-dc91140b07c7,gcl,2017-09-01 00:00:01+0000,zuora,wch,7845145c-f2dc-4a3a-b200-dc91140b07c7,2017-09-30 00:00:01+0000
9e6de8a1-2ff3-4d3c-9da4-24157b19dec3,gcl,2017-09-01 00:00:01+0000,zuora,fullgcl,9e6de8a1-2ff3-4d3c-9da4-24157b19dec3,2017-09-30 00:00:01+0000
9e6de8a1-2ff3-4d3c-9da4-24157b19dec3,gcl,2017-09-01 00:00:01+0000,zuora,wch,9e6de8a1-2ff3-4d3c-9da4-24157b19dec3,2017-09-30 00:00:01+0000
07b6a803-e7ad-43c1-9488-6e8ca489be28,gcl,2017-09-01 00:00:01+0000,zuora,fullgcl,07b6a803-e7ad-43c1-9488-6e8ca489be28,2017-09-30 00:00:01+0000
07b6a803-e7ad-43c1-9488-6e8ca489be28,gcl,2017-09-01 00:00:01+0000,zuora,wch,07b6a803-e7ad-43c1-9488-6e8ca489be28,2017-09-30 00:00:01+0000
8f562f37-a260-46b4-98a0-1a6b02c93669,gcl,2017-09-01 00:00:01+0000,zuora,fullgcl,8f562f37-a260-46b4-98a0-1a6b02c93669,2017-09-30 00:00:01+0000
8f562f37-a260-46b4-98a0-1a6b02c93669,gcl,2017-09-01 00:00:01+0000,zuora,wch,8f562f37-a260-46b4-98a0-1a6b02c93669,2017-09-30 00:00:01+0000
1de9083d-1510-496e-96ff-1db7a31cfc40,gcl,2017-09-01 00:00:01+0000,zuora,fullgcl,1de9083d-1510-496e-96ff-1db7a31cfc40,2017-09-30 00:00:01+0000
1de9083d-1510-496e-96ff-1db7a31cfc40,gcl,2017-09-01 00:00:01+0000,zuora,wch,1de9083d-1510-496e-96ff-1db7a31cfc40,2017-09-30 00:00:01+0000
a2c6222d-bd69-460f-bc78-69cd354d6bcb,gcl,2017-09-01 00:00:01+0000,zuora,fullgcl,a2c6222d-bd69-460f-bc78-69cd354d6bcb,2017-09-30 00:00:01+0000
a2c6222d-bd69-460f-bc78-69cd354d6bcb,gcl,2017-09-01 00:00:01+0000,zuora,wch,a2c6222d-bd69-460f-bc78-69cd354d6bcb,2017-09-30 00:00:01+0000
d3ae0c3d-2ab7-4972-8650-f88143d4834f,gcl,2017-09-01 00:00:01+0000,zuora,fullgcl,d3ae0c3d-2ab7-4972-8650-f88143d4834f,2017-09-30 00:00:01+0000
d3ae0c3d-2ab7-4972-8650-f88143d4834f,gcl,2017-09-01 00:00:01+0000,zuora,wch,d3ae0c3d-2ab7-4972-8650-f88143d4834f,2017-09-30 00:00:01+0000
83104cce-94e4-43cb-af8c-018f78405184,gcl,2017-09-01 00:00:01+0000,zuora,fullgcl,83104cce-94e4-43cb-af8c-018f78405184,2017-09-30 00:00:01+0000
83104cce-94e4-43cb-af8c-018f78405184,gcl,2017-09-01 00:00:01+0000,zuora,wch,83104cce-94e4-43cb-af8c-018f78405184,2017-09-30 00:00:01+0000
b868cb21-7edb-4472-ab05-778db371d02a,gcl,2017-09-01 00:00:01+0000,zuora,fullgcl,b868cb21-7edb-4472-ab05-778db371d02a,2017-09-30 00:00:01+0000
b868cb21-7edb-4472-ab05-778db371d02a,gcl,2017-09-01 00:00:01+0000,zuora,wch,b868cb21-7edb-4472-ab05-778db371d02a,2017-09-30 00:00:01+0000
c9f4e24a-a33e-4a6b-98d6-ef9d5d3032c6,gcl,2017-09-01 00:00:01+0000,zuora,fullgcl,c9f4e24a-a33e-4a6b-98d6-ef9d5d3032c6,2017-09-30 00:00:01+0000
c9f4e24a-a33e-4a6b-98d6-ef9d5d3032c6,gcl,2017-09-01 00:00:01+0000,zuora,wch,c9f4e24a-a33e-4a6b-98d6-ef9d5d3032c6,2017-09-30 00:00:01+0000
62a4b826-b2c7-47be-a838-5547f482aa05,gcl,2017-09-01 00:00:01+0000,zuora,fullgcl,62a4b826-b2c7-47be-a838-5547f482aa05,2017-09-30 00:00:01+0000
62a4b826-b2c7-47be-a838-5547f482aa05,gcl,2017-09-01 00:00:01+0000,zuora,wch,62a4b826-b2c7-47be-a838-5547f482aa05,2017-09-30 00:00:01+0000
13f10d5a-0936-42fb-a0e4-e7f5131e6b7d,gcl,2017-09-01 00:00:01+0000,zuora,fullgcl,13f10d5a-0936-42fb-a0e4-e7f5131e6b7d,2017-09-30 00:00:01+0000
13f10d5a-0936-42fb-a0e4-e7f5131e6b7d,gcl,2017-09-01 00:00:01+0000,zuora,wch,13f10d5a-0936-42fb-a0e4-e7f5131e6b7d,2017-09-30 00:00:01+0000
b1caae15-7dee-4eb7-a017-bbb73a35fb64,gcl,2017-09-01 00:00:01+0000,zuora,fullgcl,b1caae15-7dee-4eb7-a017-bbb73a35fb64,2017-09-30 00:00:01+0000
b1caae15-7dee-4eb7-a017-bbb73a35fb64,gcl,2017-09-01 00:00:01+0000,zuora,wch,b1caae15-7dee-4eb7-a017-bbb73a35fb64,2017-09-30 00:00:01+0000
be18442c-2289-4ab7-811a-cef960d7daa2,gcl,2017-09-01 00:00:01+0000,zuora,fullgcl,be18442c-2289-4ab7-811a-cef960d7daa2,2017-09-30 00:00:01+0000
be18442c-2289-4ab7-811a-cef960d7daa2,gcl,2017-09-01 00:00:01+0000,zuora,wch,be18442c-2289-4ab7-811a-cef960d7daa2,2017-09-30 00:00:01+0000
ab1a027b-61f1-44f8-a9fa-7d7ff74cea00,gcl,2017-09-01 00:00:01+0000,zuora,fullgcl,ab1a027b-61f1-44f8-a9fa-7d7ff74cea00,2017-09-30 00:00:01+0000
ab1a027b-61f1-44f8-a9fa-7d7ff74cea00,gcl,2017-09-01 00:00:01+0000,zuora,wch,ab1a027b-61f1-44f8-a9fa-7d7ff74cea00,2017-09-30 00:00:01+0000
8a5ab51c-f1b3-48bc-8b22-af58ae335181,gcl,2017-09-01 00:00:01+0000,zuora,fullgcl,8a5ab51c-f1b3-48bc-8b22-af58ae335181,2017-09-30 00:00:01+0000
8a5ab51c-f1b3-48bc-8b22-af58ae335181,gcl,2017-09-01 00:00:01+0000,zuora,wch,8a5ab51c-f1b3-48bc-8b22-af58ae335181,2017-09-30 00:00:01+0000
2a86981a-63bd-4d54-a176-6f0b88bc580b,gcl,2017-09-01 00:00:01+0000,zuora,fullgcl,2a86981a-63bd-4d54-a176-6f0b88bc580b,2017-09-30 00:00:01+0000
2a86981a-63bd-4d54-a176-6f0b88bc580b,gcl,2017-09-01 00:00:01+0000,zuora,wch,2a86981a-63bd-4d54-a176-6f0b88bc580b,2017-09-30 00:00:01+0000
f4ff6793-dce3-4f2f-8031-513adf15974d,gcl,2017-09-01 00:00:01+0000,zuora,fullgcl,f4ff6793-dce3-4f2f-8031-513adf15974d,2017-09-30 00:00:01+0000
f4ff6793-dce3-4f2f-8031-513adf15974d,gcl,2017-09-01 00:00:01+0000,zuora,wch,f4ff6793-dce3-4f2f-8031-513adf15974d,2017-09-30 00:00:01+0000
f6cde6a4-16a8-4c9b-9836-3172d334206b,gcl,2017-09-01 00:00:01+0000,zuora,fullgcl,f6cde6a4-16a8-4c9b-9836-3172d334206b,2017-09-30 00:00:01+0000
f6cde6a4-16a8-4c9b-9836-3172d334206b,gcl,2017-09-01 00:00:01+0000,zuora,wch,f6cde6a4-16a8-4c9b-9836-3172d334206b,2017-09-30 00:00:01+0000
bfd21d89-48f0-4db2-83a9-f0bd905d8e35,gcl,2017-09-01 00:00:01+0000,zuora,fullgcl,bfd21d89-48f0-4db2-83a9-f0bd905d8e35,2017-09-30 00:00:01+0000
bfd21d89-48f0-4db2-83a9-f0bd905d8e35,gcl,2017-09-01 00:00:01+0000,zuora,wch,bfd21d89-48f0-4db2-83a9-f0bd905d8e35,2017-09-30 00:00:01+0000
f016a3eb-706c-4b3e-901f-914585d64a5f,gcl,2017-09-01 00:00:01+0000,zuora,fullgcl,f016a3eb-706c-4b3e-901f-914585d64a5f,2017-09-30 00:00:01+0000
f016a3eb-706c-4b3e-901f-914585d64a5f,gcl,2017-09-01 00:00:01+0000,zuora,wch,f016a3eb-706c-4b3e-901f-914585d64a5f,2017-09-30 00:00:01+0000
8992b5ce-78ad-4243-95c0-1703fab95a78,gcl,2017-09-01 00:00:01+0000,zuora,fullgcl,8992b5ce-78ad-4243-95c0-1703fab95a78,2017-09-30 00:00:01+0000
8992b5ce-78ad-4243-95c0-1703fab95a78,gcl,2017-09-01 00:00:01+0000,zuora,wch,8992b5ce-78ad-4243-95c0-1703fab95a78,2017-09-30 00:00:01+0000
39c1cef0-8f9f-4cf5-82ba-62542d1b6103,gcl,2017-09-01 00:00:01+0000,zuora,fullgcl,39c1cef0-8f9f-4cf5-82ba-62542d1b6103,2017-09-30 00:00:01+0000
39c1cef0-8f9f-4cf5-82ba-62542d1b6103,gcl,2017-09-01 00:00:01+0000,zuora,wch,39c1cef0-8f9f-4cf5-82ba-62542d1b6103,2017-09-30 00:00:01+0000
2faa7d8f-1c6f-4a4e-98c6-f418541e6159,gcl,2017-09-01 00:00:01+0000,zuora,fullgcl,2faa7d8f-1c6f-4a4e-98c6-f418541e6159,2017-09-30 00:00:01+0000
2faa7d8f-1c6f-4a4e-98c6-f418541e6159,gcl,2017-09-01 00:00:01+0000,zuora,wch,2faa7d8f-1c6f-4a4e-98c6-f418541e6159,2017-09-30 00:00:01+0000
64824823-af12-4c8b-8436-33ebcebc83b0,gcl,2017-09-01 00:00:01+0000,zuora,fullgcl,64824823-af12-4c8b-8436-33ebcebc83b0,2017-09-30 00:00:01+0000
64824823-af12-4c8b-8436-33ebcebc83b0,gcl,2017-09-01 00:00:01+0000,zuora,wch,64824823-af12-4c8b-8436-33ebcebc83b0,2017-09-30 00:00:01+0000
90a76507-ba5c-40eb-a9ca-1a432ea80cc4,gcl,2017-09-01 00:00:01+0000,zuora,fullgcl,90a76507-ba5c-40eb-a9ca-1a432ea80cc4,2017-09-30 00:00:01+0000
90a76507-ba5c-40eb-a9ca-1a432ea80cc4,gcl,2017-09-01 00:00:01+0000,zuora,wch,90a76507-ba5c-40eb-a9ca-1a432ea80cc4,2017-09-30 00:00:01+0000
73c90c4c-57e1-4e94-b2fa-baf88d2467bb,gcl,2017-09-01 00:00:01+0000,zuora,fullgcl,73c90c4c-57e1-4e94-b2fa-baf88d2467bb,2017-09-30 00:00:01+0000
73c90c4c-57e1-4e94-b2fa-baf88d2467bb,gcl,2017-09-01 00:00:01+0000,zuora,wch,73c90c4c-57e1-4e94-b2fa-baf88d2467bb,2017-09-30 00:00:01+0000
a256b73d-b228-4309-8f61-f50a2f2e5dd9,gcl,2017-09-01 00:00:01+0000,zuora,fullgcl,a256b73d-b228-4309-8f61-f50a2f2e5dd9,2017-09-30 00:00:01+0000
a256b73d-b228-4309-8f61-f50a2f2e5dd9,gcl,2017-09-01 00:00:01+0000,zuora,wch,a256b73d-b228-4309-8f61-f50a2f2e5dd9,2017-09-30 00:00:01+0000
df53f5fb-16fb-4aa5-bad7-0d51af157e24,gcl,2017-09-01 00:00:01+0000,zuora,fullgcl,df53f5fb-16fb-4aa5-bad7-0d51af157e24,2017-09-30 00:00:01+0000
df53f5fb-16fb-4aa5-bad7-0d51af157e24,gcl,2017-09-01 00:00:01+0000,zuora,wch,df53f5fb-16fb-4aa5-bad7-0d51af157e24,2017-09-30 00:00:01+0000
f6a2b9b5-1219-4dd8-8cfe-27d078f94576,gcl,2017-09-01 00:00:01+0000,zuora,fullgcl,f6a2b9b5-1219-4dd8-8cfe-27d078f94576,2017-09-30 00:00:01+0000
f6a2b9b5-1219-4dd8-8cfe-27d078f94576,gcl,2017-09-01 00:00:01+0000,zuora,wch,f6a2b9b5-1219-4dd8-8cfe-27d078f94576,2017-09-30 00:00:01+0000
6e155122-31c4-4679-8ada-2c8d8823be46,gcl,2017-09-01 00:00:01+0000,zuora,fullgcl,6e155122-31c4-4679-8ada-2c8d8823be46,2017-09-30 00:00:01+0000
6e155122-31c4-4679-8ada-2c8d8823be46,gcl,2017-09-01 00:00:01+0000,zuora,wch,6e155122-31c4-4679-8ada-2c8d8823be46,2017-09-30 00:00:01+0000
5efd1669-b052-44e5-91c2-33cab074d183,gcl,2017-09-01 00:00:01+0000,zuora,fullgcl,5efd1669-b052-44e5-91c2-33cab074d183,2017-09-30 00:00:01+0000
5efd1669-b052-44e5-91c2-33cab074d183,gcl,2017-09-01 00:00:01+0000,zuora,wch,5efd1669-b052-44e5-91c2-33cab074d183,2017-09-30 00:00:01+0000
a8a4ef11-434d-42b3-b03d-562a21d1cd01,gcl,2017-09-01 00:00:01+0000,zuora,fullgcl,a8a4ef11-434d-42b3-b03d-562a21d1cd01,2017-09-30 00:00:01+0000
a8a4ef11-434d-42b3-b03d-562a21d1cd01,gcl,2017-09-01 00:00:01+0000,zuora,wch,a8a4ef11-434d-42b3-b03d-562a21d1cd01,2017-09-30 00:00:01+0000
096f6034-ccc0-42b4-bc1c-435f0f085ce7,gcl,2017-09-01 00:00:01+0000,zuora,fullgcl,096f6034-ccc0-42b4-bc1c-435f0f085ce7,2017-09-30 00:00:01+0000
096f6034-ccc0-42b4-bc1c-435f0f085ce7,gcl,2017-09-01 00:00:01+0000,zuora,wch,096f6034-ccc0-42b4-bc1c-435f0f085ce7,2017-09-30 00:00:01+0000
9b5a8563-9ead-48c8-8099-6041c076de71,gcl,2017-09-01 00:00:01+0000,zuora,fullgcl,9b5a8563-9ead-48c8-8099-6041c076de71,2017-09-30 00:00:01+0000
9b5a8563-9ead-48c8-8099-6041c076de71,gcl,2017-09-01 00:00:01+0000,zuora,wch,9b5a8563-9ead-48c8-8099-6041c076de71,2017-09-30 00:00:01+0000
ed82d6a4-2890-47b1-8d9e-93831aef88c8,gcl,2017-09-01 00:00:01+0000,zuora,fullgcl,ed82d6a4-2890-47b1-8d9e-93831aef88c8,2017-09-30 00:00:01+0000
ed82d6a4-2890-47b1-8d9e-93831aef88c8,gcl,2017-09-01 00:00:01+0000,zuora,wch,ed82d6a4-2890-47b1-8d9e-93831aef88c8,2017-09-30 00:00:01+0000
9637c7bd-b44d-442a-a2e5-184c31b4a7af,gcl,2017-09-01 00:00:01+0000,zuora,fullgcl,9637c7bd-b44d-442a-a2e5-184c31b4a7af,2017-09-30 00:00:01+0000
9637c7bd-b44d-442a-a2e5-184c31b4a7af,gcl,2017-09-01 00:00:01+0000,zuora,wch,9637c7bd-b44d-442a-a2e5-184c31b4a7af,2017-09-30 00:00:01+0000
1c41df3e-8104-4b88-ba7d-1c11c857b009,gcl,2017-09-01 00:00:01+0000,zuora,fullgcl,1c41df3e-8104-4b88-ba7d-1c11c857b009,2017-09-30 00:00:01+0000
1c41df3e-8104-4b88-ba7d-1c11c857b009,gcl,2017-09-01 00:00:01+0000,zuora,wch,1c41df3e-8104-4b88-ba7d-1c11c857b009,2017-09-30 00:00:01+0000
53b0fefb-9992-4d0b-b927-5e9773e46b20,gcl,2017-09-01 00:00:01+0000,zuora,fullgcl,53b0fefb-9992-4d0b-b927-5e9773e46b20,2017-09-30 00:00:01+0000
53b0fefb-9992-4d0b-b927-5e9773e46b20,gcl,2017-09-01 00:00:01+0000,zuora,wch,53b0fefb-9992-4d0b-b927-5e9773e46b20,2017-09-30 00:00:01+0000
2fec1fa9-0eba-429f-952c-ebd6ec4376b1,gcl,2017-09-01 00:00:01+0000,zuora,fullgcl,2fec1fa9-0eba-429f-952c-ebd6ec4376b1,2017-09-30 00:00:01+0000
2fec1fa9-0eba-429f-952c-ebd6ec4376b1,gcl,2017-09-01 00:00:01+0000,zuora,wch,2fec1fa9-0eba-429f-952c-ebd6ec4376b1,2017-09-30 00:00:01+0000
134bf019-f8bc-48db-a9a5-4295d6aaa48b,gcl,2017-09-01 00:00:01+0000,zuora,fullgcl,134bf019-f8bc-48db-a9a5-4295d6aaa48b,2017-09-30 00:00:01+0000
134bf019-f8bc-48db-a9a5-4295d6aaa48b,gcl,2017-09-01 00:00:01+0000,zuora,wch,134bf019-f8bc-48db-a9a5-4295d6aaa48b,2017-09-30 00:00:01+0000
07b1a443-137b-402e-87b7-0287d259800d,gcl,2017-09-01 00:00:01+0000,zuora,fullgcl,07b1a443-137b-402e-87b7-0287d259800d,2017-09-30 00:00:01+0000
07b1a443-137b-402e-87b7-0287d259800d,gcl,2017-09-01 00:00:01+0000,zuora,wch,07b1a443-137b-402e-87b7-0287d259800d,2017-09-30 00:00:01+0000
3ec24ce0-5454-4e33-821f-d969955fc1e8,gcl,2017-09-01 00:00:01+0000,zuora,fullgcl,3ec24ce0-5454-4e33-821f-d969955fc1e8,2017-09-30 00:00:01+0000
3ec24ce0-5454-4e33-821f-d969955fc1e8,gcl,2017-09-01 00:00:01+0000,zuora,wch,3ec24ce0-5454-4e33-821f-d969955fc1e8,2017-09-30 00:00:01+0000
49b2dfbc-e830-4bf3-92be-713ae92efd9a,gcl,2017-09-01 00:00:01+0000,zuora,fullgcl,49b2dfbc-e830-4bf3-92be-713ae92efd9a,2017-09-30 00:00:01+0000
49b2dfbc-e830-4bf3-92be-713ae92efd9a,gcl,2017-09-01 00:00:01+0000,zuora,wch,49b2dfbc-e830-4bf3-92be-713ae92efd9a,2017-09-30 00:00:01+0000
d8bbc29a-c185-48f8-bb11-5e9a02041fd3,gcl,2017-09-01 00:00:01+0000,zuora,fullgcl,d8bbc29a-c185-48f8-bb11-5e9a02041fd3,2017-09-30 00:00:01+0000
d8bbc29a-c185-48f8-bb11-5e9a02041fd3,gcl,2017-09-01 00:00:01+0000,zuora,wch,d8bbc29a-c185-48f8-bb11-5e9a02041fd3,2017-09-30 00:00:01+0000
29cb228d-3d0f-45ee-b620-6eda0f23d6ec,gcl,2017-09-01 00:00:01+0000,zuora,fullgcl,29cb228d-3d0f-45ee-b620-6eda0f23d6ec,2017-09-30 00:00:01+0000
29cb228d-3d0f-45ee-b620-6eda0f23d6ec,gcl,2017-09-01 00:00:01+0000,zuora,wch,29cb228d-3d0f-45ee-b620-6eda0f23d6ec,2017-09-30 00:00:01+0000
123456789,gcl,2017-09-01 00:00:01+0000,zuora,fullgcl,123456789,2017-09-30 00:00:01+0000
123456789,gcl,2017-09-01 00:00:01+0000,zuora,wch,123456789,2017-09-30 00:00:01+0000
21a58025-27bd-4bc4-9600-b889f4b17688,gcl,2017-09-01 00:00:01+0000,zuora,fullgcl,21a58025-27bd-4bc4-9600-b889f4b17688,2017-09-30 00:00:01+0000
21a58025-27bd-4bc4-9600-b889f4b17688,gcl,2017-09-01 00:00:01+0000,zuora,wch,21a58025-27bd-4bc4-9600-b889f4b17688,2017-09-30 00:00:01+0000
135c4a01-2552-453e-b261-e9dfff8c0728,gcl,2017-09-01 00:00:01+0000,zuora,fullgcl,135c4a01-2552-453e-b261-e9dfff8c0728,2017-09-30 00:00:01+0000
135c4a01-2552-453e-b261-e9dfff8c0728,gcl,2017-09-01 00:00:01+0000,zuora,wch,135c4a01-2552-453e-b261-e9dfff8c0728,2017-09-30 00:00:01+0000
123456789,gcl,2017-09-01 00:00:01+0000,zuora,fullgcl,123456789,2017-09-30 00:00:01+0000
123456789,gcl,2017-09-01 00:00:01+0000,zuora,wch,123456789,2017-09-30 00:00:01+0000
123456789,gcl,2017-09-01 00:00:01+0000,zuora,fullgcl,123456789,2017-09-30 00:00:01+0000
123456789,gcl,2017-09-01 00:00:01+0000,zuora,wch,123456789,2017-09-30 00:00:01+0000
